Datetime,Water Level (m)
2025-08-21 06:00:00,0.119067796
2025-08-21 07:00:00,-0.15213878
2025-08-21 08:00:00,-0.25770167
2025-08-21 09:00:00,-0.20169272
2025-08-21 10:00:00,0.008353823
2025-08-21 11:00:00,0.31517044
2025-08-21 12:00:00,0.63741463
2025-08-21 13:00:00,0.87480175
2025-08-21 14:00:00,0.9608428
2025-08-21 15:00:00,0.8712884
2025-08-21 16:00:00,0.6404766
2025-08-21 17:00:00,0.30357966
2025-08-21 18:00:00,-0.035157915
2025-08-21 19:00:00,-0.26537642
2025-08-21 20:00:00,-0.3479483
2025-08-21 21:00:00,-0.2570192
2025-08-21 22:00:00,0.014261219
2025-08-21 23:00:00,0.38837716
2025-08-22 00:00:00,0.78477883
2025-08-22 01:00:00,1.1164008
2025-08-22 02:00:00,1.2989006
2025-08-22 03:00:00,1.2795178
2025-08-22 04:00:00,1.0807935
2025-08-22 05:00:00,0.71123046
2025-08-22 06:00:00,0.2881273
2025-08-22 07:00:00,-0.085182324
2025-08-22 08:00:00,-0.33020586
2025-08-22 09:00:00,-0.37693897
2025-08-22 10:00:00,-0.21179263
2025-08-22 11:00:00,0.0913245
2025-08-22 12:00:00,0.451403
2025-08-22 13:00:00,0.7880569
2025-08-22 14:00:00,1.0046028
2025-08-22 15:00:00,1.0395654
2025-08-22 16:00:00,0.8893016
2025-08-22 17:00:00,0.58707076
2025-08-22 18:00:00,0.19692889
2025-08-22 19:00:00,-0.15556473
2025-08-22 20:00:00,-0.37453127
2025-08-22 21:00:00,-0.41134903
2025-08-22 22:00:00,-0.23406535
2025-08-22 23:00:00,0.11435133
2025-08-23 00:00:00,0.53306997
2025-08-23 01:00:00,0.94009244
2025-08-23 02:00:00,1.247864
2025-08-23 03:00:00,1.3532069
2025-08-23 04:00:00,1.2335635
2025-08-23 05:00:00,0.9446777
2025-08-23 06:00:00,0.5167399
2025-08-23 07:00:00,0.070220254
2025-08-23 08:00:00,-0.2684767
2025-08-23 09:00:00,-0.41861933
2025-08-23 10:00:00,-0.34601113
2025-08-23 11:00:00,-0.078015745
2025-08-23 12:00:00,0.2911921
2025-08-23 13:00:00,0.6856164
2025-08-23 14:00:00,0.98884374
2025-08-23 15:00:00,1.1291173
2025-08-23 16:00:00,1.0777559
2025-08-23 17:00:00,0.8520545
2025-08-23 18:00:00,0.47882372
2025-08-23 19:00:00,0.05931874
2025-08-23 20:00:00,-0.2682863
2025-08-23 21:00:00,-0.4288581
2025-08-23 22:00:00,-0.39632568
2025-08-23 23:00:00,-0.14085568
2025-08-24 00:00:00,0.26831082
2025-08-24 01:00:00,0.70611537
2025-08-24 02:00:00,1.0922066
2025-08-24 03:00:00,1.3225608
2025-08-24 04:00:00,1.3109978
2025-08-24 05:00:00,1.1082547
2025-08-24 06:00:00,0.7370953
2025-08-24 07:00:00,0.27388784
2025-08-24 08:00:00,-0.13892184
2025-08-24 09:00:00,-0.38620946
2025-08-24 10:00:00,-0.4529312
2025-08-24 11:00:00,-0.28952777
2025-08-24 12:00:00,0.05053339
2025-08-24 13:00:00,0.4746735
2025-08-24 14:00:00,0.86547226
2025-08-24 15:00:00,1.1264511
2025-08-24 16:00:00,1.1895049
2025-08-24 17:00:00,1.0358244
2025-08-24 18:00:00,0.7239044
2025-08-24 19:00:00,0.3026696
2025-08-24 20:00:00,-0.091380306
2025-08-24 21:00:00,-0.3467554
2025-08-24 22:00:00,-0.41748828
2025-08-24 23:00:00,-0.2734892
2025-08-25 00:00:00,0.062851675
2025-08-25 01:00:00,0.4911625
2025-08-25 02:00:00,0.9217331
2025-08-25 03:00:00,1.2384112
2025-08-25 04:00:00,1.3490459
2025-08-25 05:00:00,1.2459682
2025-08-25 06:00:00,0.9706124
2025-08-25 07:00:00,0.5366184
2025-08-25 08:00:00,0.0854679
2025-08-25 09:00:00,-0.24077973
2025-08-25 10:00:00,-0.39670572
2025-08-25 11:00:00,-0.33632517
2025-08-25 12:00:00,-0.073090374
2025-08-25 13:00:00,0.32290286
2025-08-25 14:00:00,0.74637187
2025-08-25 15:00:00,1.080793
2025-08-25 16:00:00,1.2449813
2025-08-25 17:00:00,1.1887234
2025-08-25 18:00:00,0.96739304
2025-08-25 19:00:00,0.5965209
2025-08-25 20:00:00,0.1791867
2025-08-25 21:00:00,-0.1532031
2025-08-25 22:00:00,-0.31582412
2025-08-25 23:00:00,-0.2899776
2025-08-26 00:00:00,-0.059344117
2025-08-26 01:00:00,0.3116862
2025-08-26 02:00:00,0.74247503
2025-08-26 03:00:00,1.1066539
2025-08-26 04:00:00,1.3085072
2025-08-26 05:00:00,1.299135
2025-08-26 06:00:00,1.1086724
2025-08-26 07:00:00,0.7456405
2025-08-26 08:00:00,0.31463253
2025-08-26 09:00:00,-0.06122215
2025-08-26 10:00:00,-0.29247937
2025-08-26 11:00:00,-0.33503842
2025-08-26 12:00:00,-0.16332628
2025-08-26 13:00:00,0.16267952
2025-08-26 14:00:00,0.56826687
2025-08-26 15:00:00,0.9561463
2025-08-26 16:00:00,1.2035277
2025-08-26 17:00:00,1.2458407
2025-08-26 18:00:00,1.1090719
2025-08-26 19:00:00,0.8196674
2025-08-26 20:00:00,0.4423731
2025-08-26 21:00:00,0.07695999
2025-08-26 22:00:00,-0.15843333
2025-08-26 23:00:00,-0.2188069
2025-08-27 00:00:00,-0.100632645
2025-08-27 01:00:00,0.18858193
2025-08-27 02:00:00,0.5677089
2025-08-27 03:00:00,0.9499583
2025-08-27 04:00:00,1.2098092
2025-08-27 05:00:00,1.2887083
2025-08-27 06:00:00,1.1831241
